{"cameraMode":{"drawMode":0,"name":"Shaded","section":"Shading Mode"},"sceneLighting":true,"audioPlay":false,"sceneViewState":{"showFog":true,"showMaterialUpdate":false,"showSkybox":true,"showFlares":true,"showImageEffects":true,"showParticleSystems":true},"in2DMode":false,"pivot":{"x":-4.401379585266113,"y":-46.67378616333008,"z":60.14276123046875},"rotation":{"x":-0.2922336757183075,"y":0.05395011231303215,"z":-0.016397029161453248,"w":-0.9548245668411255},"size":91.99077606201172,"orthographic":false}