{"cameraMode":{"drawMode":0,"name":"Shaded","section":"Shading Mode"},"sceneLighting":true,"audioPlay":false,"sceneViewState":{"showFog":true,"showMaterialUpdate":false,"showSkybox":true,"showFlares":true,"showImageEffects":true,"showParticleSystems":true},"in2DMode":false,"pivot":{"x":446.21075439453127,"y":334.28125,"z":239.171142578125},"rotation":{"x":-0.02280602790415287,"y":-0.0158980842679739,"z":0.00037308948230929673,"w":-0.9996516704559326},"size":859.4227905273438,"orthographic":false}